<?xml version="1.0" encoding="UTF-8"?>
<beans xmlns = "http://www.springframework.org/schema/beans"
       xmlns:xsi = "http://www.w3.org/2001/XMLSchema-instance"
       xmlns:context="http://www.springframework.org/schema/context"
       xsi:schemaLocation="http://www.springframework.org/schema/beans
           http://www.springframework.org/schema/beans/spring-beans-4.0.xsd
           http://www.springframework.org/schema/context
           http://www.springframework.org/schema/context/spring-context-4.0.xsd">
<bean class="com.bean.Singer" id="s1">
    <property name="singerName" value="Sonu Nigam"/>
    <property name="singer_date_of_birth" value="1st June 1980"/>
    <property name="age" value="41"/>
    <property name="songList">
        <list>
            <value> Song1</value>
            <value> Song2</value>
            <value> Song3</value>
            <value> Song4</value>
            <value> Song5</value>
        </list>
    </property>
</bean>
</beans>